-- password origin : 123456a!
INSERT INTO user (id, email, name, password, phone, role, deleted) values (1, 'sample@woowahan.com', 'james', '$2a$10$VWzPAYMsYevYEppl.gXvgewcl4fVPpIuBVrtPENSg1I4bu5.Nfzxu', '010-1234-1234', 'DEFAULT', false);
INSERT INTO user (id, email, name, password, phone, role, deleted) values (2, 'sample2@woowahan.com', 'serena', '$2a$10$VWzPAYMsYevYEppl.gXvgewcl4fVPpIuBVrtPENSg1I4bu5.Nfzxu', '010-5678-5678', 'ADMIN', false);

INSERT INTO CATEGORY (name) VALUES ('root');
INSERT INTO CATEGORY (name, parent_id) VALUES ('밑반찬',1);
INSERT INTO CATEGORY (name, parent_id) VALUES ('국·찌개',1);
INSERT INTO CATEGORY (name, parent_id) VALUES ('메인반찬',1);
INSERT INTO CATEGORY (name, parent_id) VALUES ('아이반찬',1);
INSERT INTO CATEGORY (name, parent_id) VALUES ('정기식단',1);
INSERT INTO CATEGORY (name, parent_id) VALUES ('간편식',1);
INSERT INTO CATEGORY (name, parent_id) VALUES ('간식',1);
INSERT INTO CATEGORY (name, parent_id) VALUES ('브랜드관',1);
INSERT INTO CATEGORY (name, parent_id) VALUES ('무침', 2);
INSERT INTO CATEGORY (name, parent_id) VALUES ('나물무침', 2);
INSERT INTO CATEGORY (name, parent_id) VALUES ('볶음', 2);
INSERT INTO CATEGORY (name, parent_id) VALUES ('조림', 2);
INSERT INTO CATEGORY (name, parent_id) VALUES ('김치', 2);
INSERT INTO CATEGORY (name, parent_id) VALUES ('전', 2);
INSERT INTO CATEGORY (name, parent_id) VALUES ('장아찌·피클', 2);
INSERT INTO CATEGORY (name, parent_id) VALUES ('젓갈·장·소스', 2);
INSERT INTO CATEGORY (name, parent_id) VALUES ('세트', 2);
INSERT INTO CATEGORY (name, parent_id) VALUES ('국', 3);
INSERT INTO CATEGORY (name, parent_id) VALUES ('찌개', 3);
INSERT INTO CATEGORY (name, parent_id) VALUES ('탕', 3);
INSERT INTO CATEGORY (name, parent_id) VALUES ('전골', 3);
INSERT INTO CATEGORY (name, parent_id) VALUES ('세트', 3);
INSERT INTO CATEGORY (name, parent_id) VALUES ('고기반찬', 4);
INSERT INTO CATEGORY (name, parent_id) VALUES ('해산물반찬', 4);
INSERT INTO CATEGORY (name, parent_id) VALUES ('생선반찬', 4);
INSERT INTO CATEGORY (name, parent_id) VALUES ('덮밥', 4);
INSERT INTO CATEGORY (name, parent_id) VALUES ('튀김', 4);
INSERT INTO CATEGORY (name, parent_id) VALUES ('면', 4);
INSERT INTO CATEGORY (name, parent_id) VALUES ('양식', 4);
INSERT INTO CATEGORY (name, parent_id) VALUES ('아시아식', 4);
INSERT INTO CATEGORY (name, parent_id) VALUES ('분식', 4);
INSERT INTO CATEGORY (name, parent_id) VALUES ('죽', 4);
INSERT INTO CATEGORY (name, parent_id) VALUES ('세트', 4);
INSERT INTO CATEGORY (name, parent_id) VALUES ('이유식 초기/중기', 5);
INSERT INTO CATEGORY (name, parent_id) VALUES ('이유식 후기/완료기', 5);
INSERT INTO CATEGORY (name, parent_id) VALUES ('아이반찬', 5);
INSERT INTO CATEGORY (name, parent_id) VALUES ('어린이반찬',5);
INSERT INTO CATEGORY (name, parent_id) VALUES ('간식·음료', 5);
INSERT INTO CATEGORY (name, parent_id) VALUES ('1~2인', 6);
INSERT INTO CATEGORY (name, parent_id) VALUES ('3~4인', 6);
INSERT INTO CATEGORY (name, parent_id) VALUES ('아이반찬', 6);
INSERT INTO CATEGORY (name, parent_id) VALUES ('간편반찬', 7);
INSERT INTO CATEGORY (name, parent_id) VALUES ('간편국찌개', 7);
INSERT INTO CATEGORY (name, parent_id) VALUES ('간편식품', 7);
INSERT INTO CATEGORY (name, parent_id) VALUES ('베이커리', 8);
INSERT INTO CATEGORY (name, parent_id) VALUES ('과일', 8);
INSERT INTO CATEGORY (name, parent_id) VALUES ('주스', 8);
INSERT INTO CATEGORY (name, parent_id) VALUES ('스무디', 8);
INSERT INTO CATEGORY (name, parent_id) VALUES ('유제품·커피', 8);
INSERT INTO CATEGORY (name, parent_id) VALUES ('기타간식', 8);
INSERT INTO CATEGORY (name, parent_id) VALUES ('반찬가게', 9);
INSERT INTO CATEGORY (name, parent_id) VALUES ('반찬장인', 9);
INSERT INTO CATEGORY (name, parent_id) VALUES ('셰프의요리', 9);
INSERT INTO CATEGORY (name, parent_id) VALUES ('전국맛집', 9);
INSERT INTO CATEGORY (name, parent_id) VALUES ('키즈관', 9);


INSERT INTO promotion(url) VALUES ('https://cdn.bmf.kr/banner/main_banner/180724/1532409236448_d9b2dde93f6a.jpg');
INSERT INTO promotion(url) VALUES ('https://cdn.bmf.kr/banner/main_banner/180719/1531982599279_e66969d9bd66.jpg');
INSERT INTO promotion(url) VALUES ('https://cdn.bmf.kr/banner/main_banner/180725/1532508251859_fc64af8aa98c.jpg');
INSERT INTO promotion(url) VALUES ('https://cdn.bmf.kr/banner/main_banner/180608/1528449480985_4b59a338f5a8.jpg');
INSERT INTO promotion(url) VALUES ('https://cdn.bmf.kr/banner/main_banner/180719/1531992782374_4c0636e1ca6b.jpg');
INSERT INTO promotion(url) VALUES ('https://cdn.bmf.kr/banner/main_banner/180328/1522226266924_db98fbaef1ab.jpg');

INSERT INTO Best_Category (id, name) VALUES (1, '서울맛집탐방');
INSERT INTO Best_Category (id, name) VALUES (2, '풍성한 고기반찬');
INSERT INTO Best_Category (id, name) VALUES (3, '바다향가득 반찬');
INSERT INTO Best_Category (id, name) VALUES (4, '간편한 덮밥요리');
INSERT INTO Best_Category (id, name) VALUES (5, '할인특가 세트상품');
INSERT INTO Best_Category (id, name) VALUES (6, '맛있는 간식타임');

INSERT INTO Badge (badge_id, name) VALUES (1, '이벤트특가');
INSERT INTO Badge (badge_id, name) VALUES (2, '베스트');

INSERT INTO product (product_id, title, subtitle, brand, original_price, sales_rate) VALUES (1, '이름1', '너는 안줄거다', '성열스', 10000, 0);
INSERT INTO product (product_id, title, subtitle, brand, original_price, sales_rate) VALUES (2, '이름2', '내꺼임', '갓잇', 5000, 10);
INSERT INTO product (product_id, title, subtitle, brand, original_price, sales_rate) VALUES (3, '이름3', '너는 안줄거다', '성열스', 2000, 50);
INSERT INTO product (product_id, title, subtitle, brand, original_price, sales_rate) VALUES (4, '이름4', '바보다', '석윤스', 5000, 0);
INSERT INTO product (product_id, title, subtitle, brand, original_price, sales_rate) VALUES (5, '이름5', 'ㅈㅅ', '갓잇', 5000, 10);
INSERT INTO product (product_id, title, subtitle, brand, original_price, sales_rate) VALUES (6, '이름6', '너는 안줄거다', '성열스', 2000, 50);
INSERT INTO product (product_id, title, subtitle, brand, original_price, sales_rate) VALUES (7, '이름7', '너는 안줄거다', '성열스', 10000, 0);
INSERT INTO product (product_id, title, subtitle, brand, original_price, sales_rate) VALUES (8, '이름8', '내꺼임', '갓잇', 5000, 10);
INSERT INTO product (product_id, title, subtitle, brand, original_price, sales_rate) VALUES (9, '이름9', '너는 안줄거다', '성열스', 2000, 50);

INSERT INTO tbl_Badge_product (badge_id, product_id) VALUES (1, 1);
INSERT INTO tbl_Badge_product (badge_id, product_id) VALUES (2, 1);
INSERT INTO tbl_Badge_product (badge_id, product_id) VALUES (1, 2);

INSERT INTO tbl_Bestcategory_product (bestcategory_id, product_id) VALUES (1, 1);
INSERT INTO tbl_Bestcategory_product (bestcategory_id, product_id) VALUES (1, 2);
INSERT INTO tbl_Bestcategory_product (bestcategory_id, product_id) VALUES (1, 3);
INSERT INTO tbl_Bestcategory_product (bestcategory_id, product_id) VALUES (2, 4);
INSERT INTO tbl_Bestcategory_product (bestcategory_id, product_id) VALUES (2, 5);
INSERT INTO tbl_Bestcategory_product (bestcategory_id, product_id) VALUES (2, 6);
INSERT INTO tbl_Bestcategory_product (bestcategory_id, product_id) VALUES (3, 7);
INSERT INTO tbl_Bestcategory_product (bestcategory_id, product_id) VALUES (3, 8);
INSERT INTO tbl_Bestcategory_product (bestcategory_id, product_id) VALUES (3, 9);
INSERT INTO tbl_Bestcategory_product (bestcategory_id, product_id) VALUES (4, 4);
INSERT INTO tbl_Bestcategory_product (bestcategory_id, product_id) VALUES (4, 6);
INSERT INTO tbl_Bestcategory_product (bestcategory_id, product_id) VALUES (4, 1);
INSERT INTO tbl_Bestcategory_product (bestcategory_id, product_id) VALUES (5, 2);
INSERT INTO tbl_Bestcategory_product (bestcategory_id, product_id) VALUES (5, 3);
INSERT INTO tbl_Bestcategory_product (bestcategory_id, product_id) VALUES (5, 6);
INSERT INTO tbl_Bestcategory_product (bestcategory_id, product_id) VALUES (6, 7);
INSERT INTO tbl_Bestcategory_product (bestcategory_id, product_id) VALUES (6, 8);
INSERT INTO tbl_Bestcategory_product (bestcategory_id, product_id) VALUES (6, 3);
